sp_1	sp_2	sp_3	sp_4	sp_5	sp_6	sp_7
-62.6034	-56.13992	-54.88823	-49.38233	-46.99829	-46.99829	-74.56422
-62.62409	-56.12872	-54.87699	-49.39264	-47.00565	-47.00565	-74.59253
-62.68537	-56.09606	-54.84453	-49.42036	-47.0257	-47.0257	-74.67797
-62.78486	-56.04471	-54.79449	-49.45647	-47.05272	-47.05272	-74.82206
-62.91831	-55.97895	-54.73237	-49.48799	-47.07836	-47.07836	-75.02743
-63.07931	-55.90414	-54.66496	-49.50115	-47.09334	-47.09334	-75.29802
-63.25886	-55.82626	-54.59963	-49.48519	-47.08968	-47.08968	-75.63936
-63.44502	-55.75146	-54.54371	-49.436	-47.06283	-47.06283	-76.05899
-63.62277	-55.68573	-54.50401	-49.35802	-47.01319	-47.01319	-76.56711
-63.77444	-55.63461	-54.48646	-49.26363	-46.94649	-46.94649	-77.17767
-63.881	-55.60302	-54.49587	-49.17051	-46.87279	-46.87279	-77.90998
-63.92435	-55.59517	-54.53577	-49.09782	-46.80465	-46.80465	-78.79153
-63.89034	-55.61451	-54.6082	-49.06268	-46.75489	-46.75489	-79.86287
-63.77174	-55.66364	-54.71359	-49.07739	-46.73457	-46.73457	-81.18708
-63.56995	-55.7443	-54.85046	-49.14742	-46.75126	-46.75126	-82.86953
-63.2946	-55.85722	-55.01509	-49.26979	-46.80789	-46.80789	-85.10594
-62.96143	-56.00204	-55.20114	-49.43174	-46.90168	-46.90168	-88.32604
-62.58914	-56.17697	-55.39921	-49.61008	-47.02358	-47.02358	-93.81162
-62.19659	-56.37858	-55.59665	-49.7724	-47.15806	-47.15806	-106.86989
-61.80087	-56.60129	-55.77768	-49.88197	-47.28415	-47.28415	-94.18796
-61.41629	-56.83696	-55.92433	-49.90697	-47.37806	-47.37806	-87.98084
-61.05434	-57.07448	-56.01835	-49.83156	-47.41798	-47.41798	-84.26766
-60.72388	-57.29957	-56.04408	-49.663	-47.38988	-47.38988	-81.5983
-60.43168	-57.4952	-55.99164	-49.42982	-47.29223	-47.29223	-79.50538
-60.18296	-57.64272	-55.85934	-49.1727	-47.13714	-47.13714	-77.77978
-59.98182	-57.72421	-55.65421	-48.93377	-46.94735	-46.94735	-76.30984
-59.83169	-57.72549	-55.39053	-48.74925	-46.75077	-46.75077	-75.02888
-59.73563	-57.63914	-55.08688	-48.64626	-46.57506	-46.57506	-73.89386
-59.69662	-57.46636	-54.76309	-48.64231	-46.44398	-46.44398	-72.87537
-59.71783	-57.21674	-54.43781	-48.74521	-46.37552	-46.37552	-71.95243
-59.80284	-56.90613	-54.12725	-48.9523	-46.38117	-46.38117	-71.1095
-59.95586	-56.55355	-53.84466	-49.24792	-46.46556	-46.46556	-70.33479
-60.18201	-56.17826	-53.60058	-49.59934	-46.62569	-46.62569	-69.61908
-60.48766	-55.79775	-53.40326	-49.9529	-46.84958	-46.84958	-68.95508
-60.8808	-55.42672	-53.25914	-50.23577	-47.11436	-47.11436	-68.33689
-61.37165	-55.07694	-53.17343	-50.37147	-47.38498	-47.38498	-67.75965
-61.97334	-54.75751	-53.15044	-50.31018	-47.61576	-47.61576	-67.21934
-62.70297	-54.47534	-53.19393	-50.05586	-47.75765	-47.75765	-66.71259
-63.58286	-54.23569	-53.3073	-49.66514	-47.77232	-47.77232	-66.23651
-64.642	-54.04263	-53.49368	-49.21932	-47.64724	-47.64724	-65.78865
-65.91638	-53.89947	-53.75582	-48.79502	-47.40192	-47.40192	-65.36688
-67.44327	-53.80903	-54.0958	-48.4503	-47.08021	-47.08021	-64.96935
-69.22914	-53.77395	-54.51427	-48.22388	-46.7349	-46.7349	-64.59442
-71.11973	-53.79685	-55.00914	-48.13956	-46.41467	-46.41467	-64.24067
-72.46363	-53.88053	-55.57303	-48.21028	-46.15776	-46.15776	-63.90681
-72.20802	-54.02809	-56.18912	-48.43988	-45.99124	-45.99124	-63.59169
-70.49023	-54.24304	-56.82497	-48.82135	-45.93253	-45.93253	-63.29429
-68.37984	-54.52939	-57.42508	-49.33046	-45.99103	-45.99103	-63.01366
-66.42178	-54.89166	-57.90766	-49.91369	-46.16875	-46.16875	-62.74896
-64.72709	-55.3348	-58.17649	-50.47374	-46.45901	-46.45901	-62.49938
-63.27955	-55.86383	-58.15624	-50.86893	-46.84306	-46.84306	-62.26421
-62.04113	-56.48302	-57.83414	-50.9582	-47.28433	-47.28433	-62.04277
-60.97694	-57.19402	-57.26826	-50.68902	-47.72241	-47.72241	-61.8344
-60.0593	-57.99193	-56.55325	-50.14018	-48.07302	-48.07302	-61.63851
-59.26701	-58.85751	-55.77905	-49.4622	-48.24514	-48.24514	-61.45452
-58.58395	-59.74315	-55.01108	-48.7935	-48.1788	-48.1788	-61.28187
-57.99785	-60.55321	-54.28983	-48.22659	-47.87982	-47.87982	-61.12
-57.49937	-61.13381	-53.63771	-47.81413	-47.41705	-47.41705	-60.96838
-57.08142	-61.31245	-53.06599	-47.58433	-46.88514	-46.88514	-60.82647
-56.73866	-61.00449	-52.57974	-47.55278	-46.369	-46.369	-60.69375
-56.46718	-60.2849	-52.18088	-47.72883	-45.9297	-45.9297	-60.56968
-56.2643	-59.32428	-51.87001	-48.1173	-45.60612	-45.60612	-60.4537
-56.12835	-58.28012	-51.64749	-48.71489	-45.42158	-45.42158	-60.34525
-56.05863	-57.25223	-51.51399	-49.49802	-45.38974	-45.38974	-60.24376
-56.05537	-56.29114	-51.471	-50.39521	-45.51808	-45.51808	-60.14863
-56.11969	-55.41786	-51.52111	-51.24154	-45.80878	-45.80878	-60.05923
-56.25372	-54.63837	-51.66831	-51.75864	-46.25651	-46.25651	-59.97491
-56.46062	-53.9518	-51.91838	-51.68593	-46.84186	-46.84186	-59.89499
-56.74481	-53.35459	-52.27938	-51.03064	-47.51834	-47.51834	-59.81877
-57.11213	-52.84246	-52.76227	-50.0609	-48.19329	-48.19329	-59.74551
-57.57018	-52.41137	-53.38181	-49.05436	-48.71632	-48.71632	-59.67444
-58.12861	-52.05787	-54.1577	-48.17477	-48.9139	-48.9139	-59.60477
-58.79955	-51.77934	-55.11601	-47.49526	-48.69242	-48.69242	-59.53568
-59.59777	-51.574	-56.28991	-47.04409	-48.11677	-48.11677	-59.46633
-60.54024	-51.44097	-57.71653	-46.83251	-47.3557	-47.3557	-59.39589
-61.64322	-51.38033	-59.41623	-46.86801	-46.57211	-46.57211	-59.32349
-62.91239	-51.39314	-61.3033	-47.16	-45.87345	-45.87345	-59.2483
-64.31292	-51.48159	-62.91123	-47.7212	-45.31788	-45.31788	-59.16948
-65.69332	-51.64918	-63.20612	-48.56428	-44.93405	-44.93405	-59.08624
-66.66766	-51.90096	-61.85133	-49.68655	-44.73623	-44.73623	-58.99784
-66.70922	-52.24396	-59.83136	-51.02091	-44.73289	-44.73289	-58.90358
-65.72708	-52.68783	-57.87612	-52.31266	-44.93085	-44.93085	-58.80284
-64.19843	-53.24578	-56.18195	-52.99218	-45.33622	-45.33622	-58.69511
-62.57495	-53.93611	-54.75433	-52.55412	-45.95213	-45.95213	-58.57993
-61.05836	-54.7848	-53.55876	-51.27481	-46.77022	-46.77022	-58.45701
-59.70374	-55.82991	-52.55987	-49.79036	-47.74905	-47.74905	-58.32611
-58.51148	-57.12998	-51.72906	-48.46379	-48.76885	-48.76885	-58.18717
-57.46633	-58.78109	-51.04465	-47.41185	-49.5735	-49.5735	-58.04021
-56.55076	-60.95665	-50.49065	-46.65483	-49.81427	-49.81427	-57.88539
-55.74895	-64.01732	-50.05548	-46.18781	-49.33355	-49.33355	-57.72296
-55.04769	-68.90062	-49.73107	-46.00512	-48.35207	-48.35207	-57.55327
-54.43625	-77.6355	-49.51224	-46.10858	-47.21755	-47.21755	-57.37679
-53.906	-71.24552	-49.39627	-46.51096	-46.16008	-46.16008	-57.19404
-53.45007	-65.08559	-49.38276	-47.23834	-45.2825	-45.2825	-57.0056
-53.06296	-61.4027	-49.47361	-48.33129	-44.62059	-44.62059	-56.8121
-52.74036	-58.81945	-49.67325	-49.83686	-44.18379	-44.18379	-56.61421
-52.47885	-56.85213	-49.98909	-51.75159	-43.97424	-43.97424	-56.4126
-52.27583	-55.28271	-50.43238	-53.75631	-43.99486	-43.99486	-56.20798
-52.12931	-53.99529	-51.01956	-54.64538	-44.25277	-44.25277	-56.001
-52.03788	-52.92124	-51.77471	-53.42055	-44.76058	-44.76058	-55.79235
-52.00058	-52.01681	-52.73368	-51.26266	-45.53561	-45.53561	-55.58265
-52.01684	-51.2526	-53.95208	-49.26807	-46.59362	-46.59362	-55.37252
-52.08637	-50.60812	-55.52153	-47.69442	-47.92466	-47.92466	-55.16253
-52.20909	-50.06871	-57.60773	-46.53434	-49.41535	-49.41535	-54.9532
-52.38497	-49.62375	-60.55748	-45.74307	-50.6704	-50.6704	-54.74504
-52.61383	-49.26555	-65.31219	-45.28578	-50.96877	-50.96877	-54.5385
-52.89503	-48.98862	-76.32909	-45.14461	-50.03516	-50.03516	-54.33397
-53.22699	-48.78924	-70.1262	-45.31923	-48.48603	-48.48603	-54.13183
-53.60647	-48.66515	-62.75049	-45.82841	-46.93159	-46.93159	-53.9324
-54.02741	-48.61539	-58.78636	-46.71499	-45.61389	-45.61389	-53.73595
-54.4794	-48.64023	-56.10393	-48.05633	-44.58584	-44.58584	-53.54274
-54.94548	-48.74116	-54.10652	-49.97997	-43.84313	-43.84313	-53.35296
-55.39983	-48.92099	-52.54423	-52.65049	-43.37151	-43.37151	-53.16679
-55.80611	-49.18397	-51.28913	-55.85157	-43.16091	-43.16091	-52.98437
-56.11873	-49.53607	-50.26733	-56.79792	-43.20972	-43.20972	-52.80579
-56.28954	-49.98537	-49.43271	-53.87615	-43.52657	-43.52657	-52.63113
-56.28063	-50.54253	-48.75498	-50.74985	-44.13236	-44.13236	-52.46044
-56.07818	-51.22156	-48.21361	-48.39649	-45.06274	-45.06274	-52.29372
-55.69825	-52.04055	-47.79454	-46.70051	-46.36943	-46.36943	-52.13096
-55.17996	-53.02247	-47.48827	-45.51207	-48.10744	-48.10744	-51.97213
-54.57138	-54.19455	-47.28874	-44.73622	-50.24229	-50.24229	-51.81716
-53.91713	-55.58261	-47.19266	-44.32014	-52.22689	-52.22689	-51.66596
-53.25229	-57.18628	-47.19916	-44.24096	-52.46842	-52.46842	-51.51842
-52.60143	-58.89288	-47.3097	-44.50056	-50.61597	-50.61597	-51.3744
-51.98044	-60.2658	-47.52809	-45.12692	-48.30894	-48.30894	-51.23374
-51.39883	-60.49098	-47.86081	-46.18376	-46.34369	-46.34369	-51.09625
-50.86183	-59.32083	-48.31744	-47.79581	-44.8205	-44.8205	-50.96173
-50.37192	-57.4952	-48.91144	-50.21285	-43.69285	-43.69285	-50.82994
-49.92991	-55.6448	-49.6611	-53.97771	-42.90803	-42.90803	-50.70064
-49.53559	-53.98504	-50.59064	-59.83389	-42.42954	-42.42954	-50.57355
-49.18821	-52.54645	-51.73051	-59.03161	-42.23801	-42.23801	-50.44838
-48.88671	-51.30888	-53.11341	-53.21872	-42.32978	-42.32978	-50.3248
-48.6299	-50.24419	-54.75256	-49.50958	-42.7174	-42.7174	-50.20247
-48.41652	-49.32719	-56.55505	-47.06243	-43.43302	-43.43302	-50.08105
-48.2453	-48.53755	-58.07375	-45.38301	-44.53689	-44.53689	-49.96016
-48.11493	-47.85935	-58.36253	-44.24265	-46.13451	-46.13451	-49.83941
-48.02403	-47.28025	-57.0924	-43.52725	-48.40644	-48.40644	-49.71839
-47.97112	-46.79073	-55.14162	-43.18036	-51.60375	-51.60375	-49.59669
-47.95451	-46.38344	-53.21583	-43.18109	-55.22146	-55.22146	-49.47389
-47.97219	-46.05278	-51.52633	-43.53721	-54.59878	-54.59878	-49.34956
-48.02168	-45.79452	-50.08978	-44.28815	-50.71686	-50.71686	-49.22328
-48.09985	-45.60555	-48.87712	-45.52069	-47.54906	-47.54906	-49.09462
-48.20268	-45.4837	-47.85539	-47.41304	-45.26659	-45.26659	-48.96318
-48.32501	-45.42759	-46.99694	-50.37135	-43.62117	-43.62117	-48.82854
-48.46027	-45.43648	-46.28029	-55.63491	-42.4492	-42.4492	-48.69035
-48.60019	-45.51015	-45.68915	-74.8786	-41.65654	-41.65654	-48.54823
-48.73472	-45.64876	-45.2113	-57.51548	-41.19116	-41.19116	-48.40186
-48.85205	-45.85264	-44.83771	-50.98897	-41.02844	-41.02844	-48.25096
-48.9391	-46.12194	-44.56179	-47.46852	-41.16496	-41.16496	-48.09528
-48.98243	-46.45613	-44.37893	-45.1861	-41.61813	-41.61813	-47.93461
-48.96963	-46.85309	-44.28607	-43.62991	-42.43177	-42.43177	-47.76878
-48.89107	-47.30763	-44.28146	-42.58568	-43.69194	-43.69194	-47.5977
-48.74139	-47.80915	-44.36431	-41.94996	-45.56723	-45.56723	-47.4213
-48.5205	-48.33806	-44.53451	-41.67332	-48.42741	-48.42741	-47.23958
-48.23351	-48.86121	-44.7922	-41.73987	-53.32042	-53.32042	-47.05257
-47.8897	-49.32767	-45.13694	-42.16138	-65.30149	-65.30149	-46.86039
-47.50097	-49.66933	-45.5665	-42.98066	-56.40421	-56.40421	-46.66316
-47.0801	-49.81293	-46.07446	-44.28623	-49.66116	-49.66116	-46.46107
-46.63938	-49.70566	-46.64628	-46.24845	-45.99532	-45.99532	-46.25436
-46.18971	-49.34081	-47.2529	-49.19966	-43.5911	-43.5911	-46.04329
-45.74021	-48.76124	-47.84224	-53.63235	-41.91183	-41.91183	-45.82814
-45.29812	-48.03738	-48.33248	-56.40983	-40.73122	-40.73122	-45.60925
-44.86895	-47.23965	-48.61866	-51.73013	-39.93722	-39.93722	-45.38694
-44.45672	-46.42287	-48.60629	-47.57551	-39.47156	-39.47156	-45.16159
-44.06424	-45.62351	-48.26209	-44.75815	-39.30696	-39.30696	-44.93355
-43.69333	-44.86324	-47.63574	-42.79152	-39.43831	-39.43831	-44.70319
-43.34506	-44.15362	-46.82749	-41.40668	-39.88104	-39.88104	-44.4709
-43.01987	-43.49994	-45.93811	-40.46346	-40.67522	-40.67522	-44.23705
-42.71774	-42.90382	-45.04174	-39.88682	-41.89807	-41.89807	-44.00199
-42.43828	-42.36485	-44.18355	-39.6386	-43.6928	-43.6928	-43.76609
-42.18077	-41.88153	-43.38753	-39.7052	-46.3344	-46.3344	-43.5297
-41.94424	-41.45186	-42.66459	-40.09262	-50.32263	-50.32263	-43.29314
-41.72749	-41.07363	-42.01838	-40.82549	-54.76955	-54.76955	-43.05674
-41.52907	-40.7446	-41.44871	-41.94635	-51.55817	-51.55817	-42.8208
-41.34733	-40.46251	-40.95358	-43.50353	-46.86067	-46.86067	-42.58559
-41.18042	-40.22515	-40.53016	-45.47093	-43.64131	-43.64131	-42.35141
-41.02625	-40.03029	-40.17538	-47.38289	-41.38528	-41.38528	-42.11848
-40.88253	-39.87564	-39.88613	-47.76773	-39.75756	-39.75756	-41.88705
-40.74675	-39.75873	-39.65929	-46.02905	-38.58395	-38.58395	-41.65733
-40.61622	-39.67686	-39.49176	-43.68883	-37.76944	-37.76944	-41.42953
-40.48808	-39.6269	-39.38024	-41.64245	-37.26095	-37.26095	-41.20383
-40.35933	-39.60517	-39.32108	-40.0331	-37.03055	-37.03055	-40.98039
-40.22692	-39.60726	-39.30998	-38.82293	-37.06768	-37.06768	-40.75938
-40.08783	-39.62782	-39.34165	-37.95856	-37.37599	-37.37599	-40.54094
-39.93914	-39.66042	-39.40936	-37.39982	-37.97244	-37.97244	-40.32518
-39.77816	-39.69738	-39.50441	-37.12122	-38.88706	-38.88706	-40.11224
-39.60257	-39.72981	-39.61569	-37.10923	-40.15843	-40.15843	-39.9022
-39.41048	-39.74775	-39.72925	-37.35907	-41.804	-41.804	-39.69517
-39.20056	-39.74061	-39.82836	-37.87029	-43.68274	-43.68274	-39.49123
-38.97206	-39.6979	-39.89413	-38.63739	-45.08079	-45.08079	-39.29045
-38.72487	-39.61025	-39.90718	-39.62572	-44.74342	-44.74342	-39.09291
-38.45946	-39.47049	-39.85022	-40.71319	-42.87781	-42.87781	-38.89865
-38.17686	-39.27466	-39.71114	-41.5926	-40.74157	-40.74157	-38.70773
-37.87853	-39.02252	-39.4855	-41.78985	-38.88956	-38.88956	-38.52019
-37.56629	-38.71757	-39.17749	-41.08532	-37.4065	-37.4065	-38.33607
-37.24215	-38.36638	-38.79879	-39.80831	-36.26235	-36.26235	-38.15541
-36.90828	-37.97762	-38.3659	-38.41195	-35.41528	-35.41528	-37.97823
-36.56681	-37.56089	-37.89709	-37.14774	-34.8322	-34.8322	-37.80455
-36.21986	-37.12581	-37.40981	-36.10477	-34.49076	-34.49076	-37.63441
-35.86937	-36.68121	-36.91921	-35.30162	-34.37777	-34.37777	-37.4678
-35.51713	-36.23481	-36.43745	-34.73363	-34.48727	-34.48727	-37.30475
-35.16476	-35.793	-35.97376	-34.3908	-34.81835	-34.81835	-37.14526
-34.81365	-35.36086	-35.53479	-34.26342	-35.3716	-35.3716	-36.98934
-34.465	-34.94228	-35.12508	-34.3425	-36.14104	-36.14104	-36.83699
-34.11982	-34.54014	-34.7475	-34.61705	-37.0945	-37.0945	-36.68822
-33.77896	-34.15648	-34.40366	-35.06771	-38.12932	-38.12932	-36.54303
-33.4431	-33.79259	-34.09418	-35.65409	-39.00177	-39.00177	-36.40141
-33.1128	-33.44928	-33.81895	-36.29381	-39.32865	-39.32865	-36.26336
-32.78847	-33.12684	-33.57726	-36.8401	-38.86669	-38.86669	-36.12888
-32.47048	-32.82526	-33.36789	-37.09462	-37.80289	-37.80289	-35.99795
-32.15908	-32.54423	-33.18918	-36.90591	-36.52314	-36.52314	-35.87058
-31.85447	-32.28321	-33.03907	-36.29302	-35.29427	-35.29427	-35.74675
-31.55681	-32.04148	-32.91506	-35.42663	-34.23257	-34.23257	-35.62646
-31.26621	-31.81815	-32.81422	-34.49654	-33.37398	-33.37398	-35.50969
-30.98278	-31.61221	-32.73321	-33.63183	-32.72275	-32.72275	-35.39644
-30.70659	-31.42252	-32.66822	-32.90007	-32.27327	-32.27327	-35.28669
-30.43773	-31.24786	-32.61501	-32.33068	-32.01843	-32.01843	-35.18043
-30.17628	-31.0869	-32.569	-31.9337	-31.95243	-31.95243	-35.07764
-29.92231	-30.93826	-32.52531	-31.71006	-32.07097	-32.07097	-34.97833
-29.67592	-30.80046	-32.47898	-31.6561	-32.36995	-32.36995	-34.88246
-29.4372	-30.67203	-32.42515	-31.76432	-32.84194	-32.84194	-34.79004
-29.20629	-30.55145	-32.35936	-32.02147	-33.469	-33.469	-34.70103
-28.98331	-30.43719	-32.27783	-32.40364	-34.20848	-34.20848	-34.61544
-28.7684	-30.3278	-32.17776	-32.86813	-34.96988	-34.96988	-34.53324
-28.56173	-30.22185	-32.05757	-33.34352	-35.5928	-35.5928	-34.45442
-28.36348	-30.11803	-31.917	-33.72601	-35.87057	-35.87057	-34.37896
-28.17383	-30.01517	-31.75711	-33.8988	-35.6681	-35.6681	-34.30685
-27.99299	-29.91227	-31.58021	-33.7838	-35.03973	-35.03973	-34.23806
-27.82116	-29.80852	-31.38958	-33.39118	-34.17803	-34.17803	-34.17259
-27.65858	-29.70336	-31.1892	-32.81187	-33.27213	-33.27213	-34.11042
-27.50547	-29.59645	-30.98346	-32.16211	-32.44217	-32.44217	-34.05152
-27.36206	-29.48771	-30.77686	-31.5378	-31.74831	-31.74831	-33.99587
-27.2286	-29.37733	-30.5738	-31.00165	-31.21615	-31.21615	-33.94346
-27.10534	-29.26573	-30.37839	-30.58935	-30.85486	-30.85486	-33.89427
-26.99251	-29.15356	-30.19435	-30.31926	-30.66696	-30.66696	-33.84828
-26.89038	-29.04164	-30.02497	-30.19964	-30.65279	-30.65279	-33.80546
-26.79918	-28.93098	-29.87307	-30.2326	-30.81223	-30.81223	-33.76579
-26.71916	-28.8227	-29.741	-30.41526	-31.1444	-31.1444	-33.72925
-26.65057	-28.71803	-29.63071	-30.7385	-31.64529	-31.64529	-33.69581
-26.59363	-28.61823	-29.5437	-31.18294	-32.30199	-32.30199	-33.66544
-26.54858	-28.5246	-29.48112	-31.71178	-33.08089	-33.08089	-33.63813
-26.51564	-28.43843	-29.44377	-32.26162	-33.9071	-33.9071	-33.61383
-26.49503	-28.36098	-29.43209	-32.73738	-34.6403	-34.6403	-33.59251
-26.48695	-28.29346	-29.44619	-33.02645	-35.08138	-35.08138	-33.57416
-26.49158	-28.23703	-29.48582	-33.04368	-35.06602	-35.06602	-33.55872
-26.50911	-28.19275	-29.55037	-32.78294	-34.5986	-34.5986	-33.54617
-26.53967	-28.16163	-29.63878	-32.32164	-33.84844	-33.84844	-33.53646
-26.58341	-28.14456	-29.74957	-31.77275	-33.01416	-33.01416	-33.52955
-26.64041	-28.14233	-29.88068	-31.23622	-32.23405	-32.23405	-33.5254
-26.71075	-28.15565	-30.02948	-30.78085	-31.58185	-31.58185	-33.52397
-26.79446	-28.1851	-30.19267	-30.44774	-31.09115	-31.09115	-33.5252
-26.8915	-28.23116	-30.36623	-30.2595	-30.77578	-30.77578	-33.52904
-27.0018	-28.29417	-30.5454	-30.22775	-30.64132	-30.64132	-33.53542
-27.12519	-28.37434	-30.72477	-30.35741	-30.69079	-30.69079	-33.54431
-27.26145	-28.47171	-30.89833	-30.64796	-30.92694	-30.92694	-33.55561
-27.41024	-28.58615	-31.05983	-31.09163	-31.35236	-31.35236	-33.56928
-27.57109	-28.7173	-31.20303	-31.66777	-31.967	-31.967	-33.58523
-27.7434	-28.86458	-31.32226	-32.33237	-32.76129	-32.76129	-33.60339
-27.92644	-29.02711	-31.41293	-33.0035	-33.70012	-33.70012	-33.62368
-28.11923	-29.20369	-31.472	-33.55365	-34.6914	-34.6914	-33.646
-28.32063	-29.39273	-31.49836	-33.83609	-35.54477	-35.54477	-33.67027
-28.52924	-29.59218	-31.49301	-33.76157	-35.98358	-35.98358	-33.69637
-28.7434	-29.79952	-31.45889	-33.36523	-35.81526	-35.81526	-33.72422
-28.96117	-30.0117	-31.40063	-32.7794	-35.12606	-35.12606	-33.75368
-29.18032	-30.22512	-31.32401	-32.14883	-34.18813	-34.18813	-33.78466
-29.39834	-30.43565	-31.23545	-31.5792	-33.23862	-33.23862	-33.81701
-29.61249	-30.63868	-31.14153	-31.13277	-32.40834	-32.40834	-33.85062
-29.81979	-30.82933	-31.04855	-30.84219	-31.75336	-31.75336	-33.88533
-30.01716	-31.00259	-30.9623	-30.7235	-31.29345	-31.29345	-33.92101
-30.20152	-31.15366	-30.88785	-30.78408	-31.03415	-31.03415	-33.95749
-30.36991	-31.27832	-30.82952	-31.02604	-30.97705	-30.97705	-33.99463
-30.51966	-31.37326	-30.7908	-31.44582	-31.12411	-31.12411	-34.03224
-30.64859	-31.43641	-30.77445	-32.02949	-31.47897	-31.47897	-34.07017
-30.75511	-31.46723	-30.78246	-32.74182	-32.04596	-32.04596	-34.10822
-30.8384	-31.46669	-30.8161	-33.50722	-32.82552	-32.82552	-34.14622
-30.89844	-31.43726	-30.87596	-34.18905	-33.80159	-33.80159	-34.18396
-30.93604	-31.38265	-30.96188	-34.59978	-34.9111	-34.9111	-34.22126
-30.95276	-31.30746	-31.07294	-34.58951	-35.98528	-35.98528	-34.2579
-30.95086	-31.21683	-31.20737	-34.16503	-36.70064	-36.70064	-34.2937
-30.93306	-31.1161	-31.36247	-33.48409	-36.71607	-36.71607	-34.32843
-30.90245	-31.01048	-31.53448	-32.73353	-36.02082	-36.02082	-34.3619
-30.86227	-30.90484	-31.71848	-32.04661	-34.94832	-34.94832	-34.39389
-30.81578	-30.80361	-31.90831	-31.49678	-33.82946	-33.82946	-34.4242
-30.76617	-30.71065	-32.09661	-31.11909	-32.84103	-32.84103	-34.45262
-30.71637	-30.62926	-32.27498	-30.92878	-32.05069	-32.05069	-34.47896
-30.66908	-30.56219	-32.43439	-30.93193	-31.47717	-31.47717	-34.50302
-30.62669	-30.51166	-32.56579	-31.13002	-31.12204	-31.12204	-34.52461
-30.59125	-30.4794	-32.66101	-31.52004	-30.98323	-30.98323	-34.54356
-30.56449	-30.46668	-32.71367	-32.09007	-31.06009	-31.06009	-34.55971
-30.54781	-30.47438	-32.72014	-32.80823	-31.35505	-31.35505	-34.5729
-30.5423	-30.50293	-32.68003	-33.60175	-31.87297	-31.87297	-34.58298
-30.54874	-30.55239	-32.59629	-34.33004	-32.61765	-32.61765	-34.58985
-30.56761	-30.6224	-32.47478	-34.78543	-33.58125	-33.58125	-34.5934
-30.59912	-30.71216	-32.32346	-34.78586	-34.71674	-34.71674	-34.59353
-30.64318	-30.82039	-32.1514	-34.3237	-35.87673	-35.87673	-34.59018
-30.69941	-30.94527	-31.96787	-33.5732	-36.73574	-36.73574	-34.5833
-30.76716	-31.08441	-31.78171	-32.745	-36.87761	-36.87761	-34.57288
-30.84546	-31.23473	-31.60077	-31.98563	-36.20396	-36.20396	-34.55889
-30.93304	-31.39246	-31.43176	-31.37234	-35.06374	-35.06374	-34.54136
-31.02833	-31.55308	-31.28017	-30.93975	-33.84706	-33.84706	-34.52031
-31.12941	-31.71136	-31.15031	-30.70154	-32.76289	-32.76289	-34.49582
-31.23408	-31.86146	-31.04544	-30.66228	-31.88749	-31.88749	-34.46795
-31.33982	-31.99713	-30.96784	-30.82239	-31.23929	-31.23929	-34.4368
-31.44387	-32.11207	-30.91894	-31.17844	-30.81753	-30.81753	-34.40248
-31.54328	-32.20032	-30.89939	-31.71899	-30.61767	-30.61767	-34.36512
-31.63499	-32.25681	-30.90911	-32.41403	-30.63708	-30.63708	-34.32485
-31.71598	-32.27784	-30.94725	-33.19447	-30.87666	-30.87666	-34.28183
-31.78338	-32.26156	-31.01222	-33.92441	-31.34041	-31.34041	-34.23623
-31.83465	-32.20812	-31.10158	-34.3967	-32.03249	-32.03249	-34.18822
-31.86772	-32.11972	-31.21197	-34.41844	-32.94826	-32.94826	-34.13799
-31.88116	-32.00031	-31.33904	-33.96515	-34.05055	-34.05055	-34.08572
-31.8743	-31.85519	-31.47732	-33.20448	-35.21477	-35.21477	-34.03161
-31.8472	-31.69047	-31.6203	-32.35183	-36.14627	-36.14627	-33.97585
-31.80076	-31.51259	-31.76042	-31.56046	-36.41802	-36.41802	-33.91863
-31.73658	-31.32787	-31.88939	-30.91175	-35.84795	-35.84795	-33.86016
-31.65685	-31.14221	-31.99861	-30.44201	-34.73498	-34.73498	-33.80063
-31.56425	-30.96089	-32.07987	-30.16532	-33.49198	-33.49198	-33.74022
-31.46173	-30.7885	-32.12612	-30.08606	-32.35903	-32.35903	-33.67914
-31.35239	-30.6289	-32.13234	-30.2043	-31.42805	-31.42805	-33.61756
-31.23935	-30.48528	-32.09623	-30.5165	-30.72297	-30.72297	-33.55566
-31.12559	-30.3602	-32.01849	-31.01212	-30.24413	-30.24413	-33.49362
-31.01392	-30.25567	-31.90277	-31.66433	-29.98647	-29.98647	-33.43159
-30.90689	-30.17321	-31.75511	-32.41214	-29.94616	-29.94616	-33.36975
-30.80677	-30.11392	-31.58319	-33.13476	-30.12258	-30.12258	-33.30824
-30.71551	-30.07853	-31.39549	-33.64178	-30.51823	-30.51823	-33.2472
-30.63479	-30.0674	-31.2005	-33.73782	-31.13618	-31.13618	-33.18677
-30.56599	-30.08058	-31.00617	-33.36529	-31.9729	-31.9729	-33.12708
-30.51021	-30.11778	-30.81959	-32.65834	-32.99941	-32.99941	-33.06825
-30.46828	-30.17838	-30.64679	-31.82479	-34.11737	-34.11737	-33.01039
-30.4408	-30.26136	-30.4927	-31.02647	-35.08641	-35.08641	-32.9536
-30.42811	-30.3653	-30.36128	-30.35467	-35.51744	-35.51744	-32.89799
-30.43033	-30.48827	-30.25552	-29.85228	-35.15039	-35.15039	-32.84365
-30.44734	-30.62782	-30.17761	-29.53695	-34.16643	-34.16643	-32.79064
-30.47881	-30.78086	-30.12901	-29.41493	-32.9614	-32.9614	-32.73905
-30.52415	-30.9436	-30.1105	-29.48757	-31.81149	-31.81149	-32.68895
-30.58254	-31.11155	-30.12227	-29.75304	-30.83734	-30.83734	-32.64039
-30.6529	-31.27949	-30.16388	-30.20432	-30.07694	-30.07694	-32.59342
-30.7339	-31.44157	-30.23429	-30.82237	-29.53623	-29.53623	-32.5481
-30.82392	-31.59151	-30.33175	-31.56188	-29.21174	-29.21174	-32.50446
-30.92105	-31.72286	-30.45378	-32.32794	-29.09941	-29.09941	-32.46254
-31.02314	-31.82948	-30.59706	-32.95576	-29.19763	-29.19763	-32.42236
-31.12774	-31.90602	-30.75731	-33.2404	-29.50774	-29.50774	-32.38394
-31.23222	-31.94849	-30.92925	-33.05918	-30.03266	-30.03266	-32.3473
-31.33374	-31.95465	-31.10657	-32.4804	-30.77233	-30.77233	-32.31245
-31.42943	-31.92434	-31.28199	-31.70019	-31.71168	-31.71168	-32.27939
-31.51641	-31.85949	-31.44754	-30.90378	-32.79169	-32.79169	-32.24813
-31.59198	-31.76389	-31.59494	-30.20741	-33.85265	-33.85265	-32.21864
-31.65373	-31.64281	-31.71625	-29.66982	-34.58125	-34.58125	-32.19092
-31.69969	-31.50244	-31.80463	-29.31729	-34.62857	-34.62857	-32.16496
-31.7285	-31.34938	-31.85516	-29.161	-33.9547	-33.9547	-32.14072
-31.73947	-31.19019	-31.86549	-29.20606	-32.87862	-32.87862	-32.11818
-31.73265	-31.03107	-31.83617	-29.45517	-31.7383	-31.7383	-32.0973
-31.7088	-30.87762	-31.77063	-29.90852	-30.71998	-30.71998	-32.07805
-31.66942	-30.73476	-31.67466	-30.55944	-29.89653	-29.89653	-32.06038
-31.61655	-30.60671	-31.55573	-31.38276	-29.28886	-29.28886	-32.04423
-31.55273	-30.49699	-31.42218	-32.31036	-28.89939	-28.89939	-32.02956
-31.48078	-30.40852	-31.28244	-33.19281	-28.7265	-28.7265	-32.01629
-31.40372	-30.34366	-31.14454	-33.7829	-28.77024	-28.77024	-32.00437
-31.32457	-30.30431	-31.01565	-33.84047	-29.03457	-29.03457	-31.99372
-31.24631	-30.29196	-30.902	-33.34477	-29.52788	-29.52788	-31.98426
-31.17176	-30.30769	-30.80876	-32.51753	-30.26183	-30.26183	-31.97591
-31.1035	-30.35231	-30.74008	-31.61743	-31.24592	-31.24592	-31.96858
-31.04388	-30.42624	-30.69923	-30.81089	-32.46977	-32.46977	-31.96217
-30.99496	-30.52958	-30.68859	-30.17781	-33.85194	-33.85194	-31.95658
-30.95854	-30.66205	-30.7098	-29.75075	-35.12631	-35.12631	-31.9517
-30.93613	-30.82291	-30.76375	-29.54202	-35.76308	-35.76308	-31.94742
-30.92896	-31.01085	-30.85061	-29.55731	-35.35632	-35.35632	-31.94363
-30.93801	-31.22387	-30.96977	-29.8014	-34.18538	-34.18538	-31.94019
-30.96398	-31.45908	-31.11976	-30.27946	-32.81149	-32.81149	-31.93698
-31.00731	-31.7125	-31.29812	-30.99392	-31.56181	-31.56181	-31.93387
-31.06818	-31.97881	-31.5012	-31.93333	-30.5484	-30.5484	-31.93071
-31.14647	-32.25116	-31.72392	-33.04315	-29.79335	-29.79335	-31.92735
-31.24178	-32.521	-31.95964	-34.16381	-29.29215	-29.29215	-31.92365
-31.35333	-32.77814	-32.19993	-34.96321	-29.03676	-29.03676	-31.91945
-31.48	-33.01106	-32.4346	-35.05189	-29.02326	-29.02326	-31.91459
-31.62023	-33.20763	-32.65203	-34.3781	-29.25452	-29.25452	-31.90892
-31.77198	-33.35626	-32.83983	-33.29578	-29.74129	-29.74129	-31.90227
-31.9327	-33.4474	-32.98599	-32.17201	-30.50247	-30.50247	-31.89446
-32.09927	-33.47499	-33.08038	-31.20095	-31.5625	-31.5625	-31.88534
-32.26799	-33.43759	-33.11634	-30.45514	-32.93765	-32.93765	-31.87473
-32.4346	-33.33862	-33.09184	-29.9546	-34.58104	-34.58104	-31.86247
-32.59433	-33.18579	-33.00987	-29.70231	-36.20817	-36.20817	-31.84838
-32.74208	-32.98984	-32.87793	-29.69872	-37.0438	-37.0438	-31.83231
-32.87262	-32.76298	-32.70672	-29.94691	-36.39586	-36.39586	-31.81408
-32.98089	-32.51753	-32.50859	-30.45351	-34.79213	-34.79213	-31.79355
-33.06242	-32.26492	-32.29608	-31.22536	-33.07861	-33.07861	-31.77055
-33.11362	-32.01509	-32.08081	-32.25708	-31.61096	-31.61096	-31.74495
-33.13224	-31.77633	-31.87289	-33.49458	-30.46026	-30.46026	-31.7166
-33.11753	-31.55529	-31.68067	-34.74697	-29.61628	-29.61628	-31.68537
-33.07038	-31.35717	-31.51075	-35.57664	-29.05593	-29.05593	-31.65113
-32.99318	-31.18594	-31.36816	-35.48596	-28.76123	-28.76123	-31.61379
-32.88964	-31.04461	-31.25655	-34.5172	-28.72325	-28.72325	-31.57325
-32.76438	-30.93535	-31.17839	-33.19123	-28.9429	-28.9429	-31.52941
-32.62259	-30.85974	-31.13516	-31.91584	-29.4313	-29.4313	-31.4822
-32.46963	-30.81882	-31.12742	-30.85962	-30.21005	-30.21005	-31.43157
-32.31072	-30.8132	-31.15488	-30.06844	-31.30928	-31.30928	-31.37748
-32.15076	-30.84311	-31.21638	-29.54632	-32.75406	-32.75406	-31.31988
-31.99414	-30.90835	-31.30981	-29.28804	-34.50233	-34.50233	-31.25878
-31.84465	-31.00825	-31.43201	-29.2903	-36.22619	-36.22619	-31.19417
-31.70554	-31.1416	-31.57856	-29.55518	-36.98144	-36.98144	-31.12607
-31.57945	-31.30646	-31.74361	-30.09001	-36.04116	-36.04116	-31.05451
-31.46849	-31.49997	-31.9197	-30.90323	-34.19533	-34.19533	-30.97953
-31.37427	-31.71806	-32.09769	-31.98974	-32.35694	-32.35694	-30.9012
-31.29794	-31.95513	-32.26691	-33.28652	-30.82854	-30.82854	-30.81959
-31.24025	-32.20369	-32.41554	-34.563	-29.64505	-29.64505	-30.73478
-31.20152	-32.45407	-32.53148	-35.29863	-28.7803	-28.7803	-30.64687
-31.18172	-32.69427	-32.60357	-34.98296	-28.20455	-28.20455	-30.55598
-31.1804	-32.9102	-32.62307	-33.80188	-27.89689	-27.89689	-30.46221
-31.19677	-33.08642	-32.58501	-32.35664	-27.84707	-27.84707	-30.3657
-31.22958	-33.20765	-32.48903	-31.02917	-28.05534	-28.05534	-30.26658
-31.27716	-33.26082	-32.33943	-29.95341	-28.53237	-28.53237	-30.16498
-31.33736	-33.23732	-32.14439	-29.1567	-29.29916	-29.29916	-30.06106
-31.40751	-33.13472	-31.91461	-28.63488	-30.38447	-30.38447	-29.95496
-31.48439	-32.95728	-31.66183	-28.37936	-31.80955	-31.80955	-29.84684
-31.56426	-32.71507	-31.3976	-28.38556	-33.52179	-33.52179	-29.73685
-31.64285	-32.42197	-31.1324	-28.65507	-35.17157	-35.17157	-29.62516
-31.71547	-32.09346	-30.87513	-29.19491	-35.81782	-35.81782	-29.5119
-31.77714	-31.74466	-30.63302	-30.01256	-34.8152	-34.8152	-29.39726
-31.8228	-31.38908	-30.41166	-31.09957	-32.9654	-32.9654	-29.28137
-31.84766	-31.03799	-30.21517	-32.38287	-31.13387	-31.13387	-29.1644
-31.84743	-30.70038	-30.04643	-33.60938	-29.60594	-29.60594	-29.04649
-31.8188	-30.38311	-29.90722	-34.23953	-28.41512	-28.41512	-28.9278
-31.75962	-30.09126	-29.79842	-33.80666	-27.53643	-27.53643	-28.80847
-31.66921	-29.82848	-29.72007	-32.56097	-26.94101	-26.94101	-28.68865
-31.54836	-29.59732	-29.6715	-31.0962	-26.60823	-26.60823	-28.56847
-31.39924	-29.39944	-29.65128	-29.76547	-26.52744	-26.52744	-28.44806
-31.22523	-29.23588	-29.65729	-28.68823	-26.69775	-26.69775	-28.32756
-31.03055	-29.10715	-29.6866	-27.88707	-27.12774	-27.12774	-28.2071
-30.81993	-29.01335	-29.73548	-27.3566	-27.83483	-27.83483	-28.08679
-30.59826	-28.95423	-29.79933	-27.08788	-28.84208	-28.84208	-27.96675
-30.37035	-28.92915	-29.87264	-27.07603	-30.16304	-30.16304	-27.8471
-30.14068	-28.93713	-29.94905	-27.3221	-31.74314	-31.74314	-27.72794
-29.91328	-28.97671	-30.02146	-27.83208	-33.27868	-33.27868	-27.60938
-29.69167	-29.04592	-30.08234	-28.61194	-33.97884	-33.97884	-27.49151
-29.47881	-29.1421	-30.1241	-29.65183	-33.20045	-33.20045	-27.37444
-29.27716	-29.26176	-30.13971	-30.8805	-31.51342	-31.51342	-27.25824
-29.08864	-29.40037	-30.12328	-32.06012	-29.7388	-29.7388	-27.14301
-28.91475	-29.55218	-30.07077	-32.68832	-28.2109	-28.2109	-27.02884
-28.75655	-29.71003	-29.98034	-32.30909	-26.99399	-26.99399	-26.9158
-28.61472	-29.8653	-29.85265	-31.11755	-26.0759	-26.0759	-26.80396
-28.4896	-30.008	-29.69066	-29.67379	-25.43248	-25.43248	-26.69341
-28.3812	-30.12715	-29.49924	-28.33687	-25.04425	-25.04425	-26.5842
-28.28924	-30.21147	-29.28456	-27.23729	-24.9	-24.9	-26.47641
-28.21312	-30.25052	-29.05341	-26.40394	-24.99702	-24.99702	-26.3701
-28.15194	-30.23592	-28.81269	-25.8341	-25.34092	-25.34092	-26.26533
-28.10452	-30.1626	-28.56886	-25.51961	-25.94493	-25.94493	-26.16215
-28.06932	-30.02964	-28.32775	-25.45536	-26.82711	-26.82711	-26.06063
-28.04453	-29.8404	-28.0943	-25.64159	-27.99908	-27.99908	-25.96082
-28.02794	-29.60192	-27.87261	-26.08341	-29.42522	-29.42522	-25.86277
-28.01707	-29.32382	-27.66593	-26.78708	-30.89935	-30.89935	-25.76652
-28.00906	-29.01698	-27.47672	-27.74781	-31.83452	-31.83452	-25.67213
-28.00081	-28.69239	-27.30677	-28.91472	-31.51716	-31.51716	-25.57964
-27.98895	-28.36026	-27.15725	-30.10538	-30.11978	-30.11978	-25.48909
-27.96997	-28.02951	-27.02884	-30.89296	-28.41241	-28.41241	-25.40053
-27.94036	-27.70761	-26.92173	-30.76984	-26.847	-26.847	-25.314
-27.8967	-27.40057	-26.83576	-29.74668	-25.55473	-25.55473	-25.22954
-27.83589	-27.1131	-26.77036	-28.33649	-24.54777	-24.54777	-25.14719
-27.75532	-26.84878	-26.72466	-26.95779	-23.80919	-23.80919	-25.06698
-27.65298	-26.61027	-26.69743	-25.78657	-23.3206	-23.3206	-24.98895
-27.52766	-26.39949	-26.68713	-24.87078	-23.06937	-23.06937	-24.91314
-27.37899	-26.21778	-26.69186	-24.21395	-23.05023	-23.05023	-24.83958
-27.20742	-26.066	-26.7094	-23.80911	-23.26539	-23.26539	-24.76831
-27.01421	-25.94464	-26.73713	-23.65065	-23.72437	-23.72437	-24.69936
-26.80126	-25.85387	-26.77208	-23.738	-24.44273	-24.44273	-24.63276
-26.57096	-25.79358	-26.81092	-24.07647	-25.43673	-25.43673	-24.56854
-26.326	-25.76336	-26.84997	-24.67585	-26.7034	-26.7034	-24.50674
-26.06924	-25.76255	-26.88528	-25.54448	-28.15491	-28.15491	-24.44739
-25.80346	-25.79014	-26.91274	-26.66958	-29.45408	-29.45408	-24.39051
-25.53131	-25.84473	-26.9282	-27.95961	-29.90111	-29.90111	-24.33614
-25.25518	-25.92448	-26.92769	-29.11606	-29.07524	-29.07524	-24.28431
-24.97713	-26.02693	-26.90763	-29.56111	-27.49955	-27.49955	-24.23504
-24.69887	-26.14895	-26.86513	-28.9135	-25.83828	-25.83828	-24.18838
-24.42173	-26.28651	-26.79813	-27.54047	-24.38171	-24.38171	-24.14433
-24.14667	-26.43461	-26.7057	-26.02324	-23.19873	-23.19873	-24.10294
-23.8743	-26.58708	-26.58805	-24.66655	-22.28678	-22.28678	-24.06424
-23.60491	-26.7366	-26.44663	-23.56478	-21.62835	-21.62835	-24.02824
-23.33846	-26.87466	-26.28399	-22.73168	-21.20779	-21.20779	-23.99498
-23.07466	-26.99189	-26.10366	-22.15945	-21.01572	-21.01572	-23.96449
-22.81297	-27.07846	-25.90991	-21.83905	-21.05017	-21.05017	-23.93679
-22.55266	-27.12487	-25.70752	-21.76682	-21.31693	-21.31693	-23.9119
-22.29281	-27.12282	-25.50156	-21.94681	-21.83006	-21.83006	-23.88987
-22.03242	-27.06619	-25.29722	-22.39189	-22.61183	-22.61183	-23.87071
-21.77035	-26.9518	-25.09963	-23.12424	-23.68947	-23.68947	-23.85444
-21.50549	-26.77974	-24.91386	-24.17271	-25.07797	-25.07797	-23.8411
-21.2367	-26.55325	-24.74481	-25.55671	-26.71042	-26.71042	-23.83071
-20.9629	-26.2781	-24.59725	-27.21672	-28.22388	-28.22388	-23.82329
-20.68312	-25.96162	-24.47589	-28.78729	-28.73126	-28.73126	-23.81887
-20.39653	-25.61179	-24.38544	-29.32594	-27.68827	-27.68827	-23.81747
-20.10248	-25.23638	-24.33071	-28.24142	-25.84149	-25.84149	-23.81911
-19.80051	-24.84238	-24.3168	-26.34869	-23.98672	-23.98672	-23.8238
-19.4904	-24.43561	-24.34922	-24.48353	-22.40031	-22.40031	-23.83158
-19.17215	-24.02067	-24.43416	-22.9185	-21.12098	-21.12098	-23.84246
-18.84598	-23.60093	-24.57881	-21.68505	-20.1274	-20.1274	-23.85646
-18.51234	-23.17866	-24.79172	-20.75855	-19.39173	-19.39173	-23.87358
-18.17186	-22.75521	-25.08344	-20.11074	-18.89241	-18.89241	-23.89385
-17.82532	-22.33122	-25.46734	-19.72175	-18.61645	-18.61645	-23.91727
-17.47365	-21.90677	-25.96094	-19.58224	-18.5596	-18.5596	-23.94385
-17.11785	-21.4816	-26.58804	-19.69412	-18.72668	-18.72668	-23.97359
-16.759	-21.05525	-27.38224	-20.07215	-19.13291	-19.13291	-24.0065
-16.39821	-20.62717	-28.39345	-20.74811	-19.80676	-19.80676	-24.04258
-16.03656	-20.19689	-29.70061	-21.77952	-20.79498	-20.79498	-24.0818
-15.67514	-19.76404	-31.43969	-23.2679	-22.16977	-22.16977	-24.12418
-15.31499	-19.32847	-33.87522	-25.39718	-24.02978	-24.02978	-24.16967
-14.95707	-18.89026	-37.62784	-28.50079	-26.42794	-26.42794	-24.21827
-14.6023	-18.44972	-44.53553	-32.8019	-28.81716	-28.81716	-24.26994
-14.25152	-18.00741	-45.50934	-33.80981	-28.83451	-28.83451	-24.32463
-13.90548	-17.56413	-37.34795	-29.11815	-26.10946	-26.10946	-24.38231
-13.56488	-17.12082	-32.69826	-25.18317	-23.13484	-23.13484	-24.44291
-13.23032	-16.67858	-29.50085	-22.32067	-20.66403	-20.66403	-24.50637
-12.90236	-16.23863	-27.05111	-20.13415	-18.66694	-18.66694	-24.57261
-12.58146	-15.80219	-25.0578	-18.38572	-17.03399	-17.03399	-24.64152
-12.26805	-15.37055	-23.37419	-16.93627	-15.67846	-15.67846	-24.71301
-11.96249	-14.94491	-21.91627	-15.69786	-14.53868	-14.53868	-24.78694
-11.66509	-14.52649	-20.63154	-14.61084	-13.57042	-13.57042	-24.86318
-11.37614	-14.11638	-19.48501	-13.63303	-12.74106	-12.74106	-24.94155
-11.09585	-13.71562	-18.4522	-12.73444	-12.02571	-12.02571	-25.02188
-10.82444	-13.32514	-17.51532	-11.89446	-11.4049	-11.4049	-25.10396
-10.56208	-12.94577	-16.66105	-11.10023	-10.86314	-10.86314	-25.18755
-10.30892	-12.57825	-15.87913	-10.34524	-10.3881	-10.3881	-25.27239
-10.06509	-12.22323	-15.16152	-9.62797	-9.97007	-9.97007	-25.35819
-9.83071	-11.88126	-14.50178	-8.9505	-9.60165	-9.60165	-25.44465
-9.60588	-11.5528	-13.89468	-8.31716	-9.27758	-9.27758	-25.53139
-9.39068	-11.23825	-13.33591	-7.73349	-8.99457	-8.99457	-25.61805
-9.18522	-10.93794	-12.82189	-7.20539	-8.75107	-8.75107	-25.70419
-8.98955	-10.65211	-12.34957	-6.73864	-8.54715	-8.54715	-25.78937
-8.80377	-10.38099	-11.91638	-6.33865	-8.3842	-8.3842	-25.87309
-8.62795	-10.12471	-11.52008	-6.0104	-8.26472	-8.26472	-25.95484
-8.46216	-9.8834	-11.15873	-5.75847	-8.19209	-8.19209	-26.03405
-8.30648	-9.65714	-10.83062	-5.58723	-8.17037	-8.17037	-26.11015
-8.16099	-9.44595	-10.53423	-5.50095	-8.20411	-8.20411	-26.18252
-8.02578	-9.24986	-10.26817	-5.50401	-8.29825	-8.29825	-26.25054
-7.90094	-9.06886	-10.03119	-5.60108	-8.45806	-8.45806	-26.31355
-7.78656	-8.90291	-9.82211	-5.79726	-8.68909	-8.68909	-26.37092
-7.68274	-8.75196	-9.63984	-6.09824	-8.99717	-8.99717	-26.42199
-7.58959	-8.61593	-9.48331	-6.51032	-9.38836	-9.38836	-26.46613
-7.50724	-8.49474	-9.35147	-7.04023	-9.86889	-9.86889	-26.50273
-7.4358	-8.38828	-9.24328	-7.69455	-10.44487	-10.44487	-26.53122
-7.37542	-8.29645	-9.15769	-8.47819	-11.12163	-11.12163	-26.55107
-7.32625	-8.21911	-9.09359	-9.39074	-11.90241	-11.90241	-26.56181
-7.28843	-8.15612	-9.04985	-10.41874	-12.78543	-12.78543	-26.56307
-7.26213	-8.10732	-9.02524	-11.52015	-13.75836	-13.75836	-26.55453
-7.24755	-8.07256	-9.01846	-12.59906	-14.78825	-14.78825	-26.53596
-7.24485	-8.05165	-9.02812	-13.48363	-15.80638	-15.80638	-26.50725
-7.25427	-8.0444	-9.05269	-13.96037	-16.69501	-16.69501	-26.46837
-7.27599	-8.05061	-9.09058	-13.90981	-17.30099	-17.30099	-26.41941
-7.31028	-8.07006	-9.14005	-13.41755	-17.50511	-17.50511	-26.36053
-7.35735	-8.10252	-9.19926	-12.694	-17.30868	-17.30868	-26.29201
-7.41749	-8.14775	-9.26632	-11.92688	-16.83293	-16.83293	-26.21421
-7.49097	-8.20549	-9.33926	-11.22778	-16.23221	-16.23221	-26.12756
-7.57807	-8.27548	-9.41611	-10.64881	-15.62492	-15.62492	-26.03258
-7.67912	-8.35743	-9.49494	-10.20904	-15.08019	-15.08019	-25.92983
-7.79443	-8.45105	-9.57393	-9.91171	-14.63113	-14.63113	-25.81991
-7.92437	-8.55604	-9.65145	-9.75288	-14.28966	-14.28966	-25.70345
-8.06928	-8.67209	-9.72611	-9.72494	-14.05619	-14.05619	-25.58113
-8.22956	-8.79888	-9.79687	-9.81762	-13.92479	-13.92479	-25.45361
-8.40561	-8.93612	-9.86305	-10.01725	-13.88537	-13.88537	-25.32156
-8.59785	-9.08347	-9.92443	-10.30509	-13.92438	-13.92438	-25.18563
-8.80671	-9.24065	-9.98126	-10.65489	-14.02467	-14.02467	-25.04648
-9.03266	-9.40736	-10.03423	-11.03068	-14.16518	-14.16518	-24.90472
-9.27615	-9.58334	-10.0845	-11.38638	-14.32103	-14.32103	-24.76095
-9.53767	-9.76836	-10.13362	-11.67027	-14.46469	-14.46469	-24.61574
-9.81769	-9.96221	-10.18349	-11.83613	-14.56889	-14.56889	-24.46961
-10.11668	-10.16476	-10.2363	-11.85848	-14.61096	-14.61096	-24.32306
-10.43512	-10.37589	-10.29441	-11.74281	-14.57758	-14.57758	-24.17657
-10.77342	-10.5956	-10.36037	-11.52307	-14.46781	-14.46781	-24.03055
-11.13195	-10.82393	-10.43677	-11.2483	-14.29275	-14.29275	-23.8854
-11.51103	-11.06102	-10.52625	-10.96812	-14.072	-14.072	-23.7415
-11.91081	-11.3071	-10.63145	-10.72396	-13.82879	-13.82879	-23.59916
-12.3313	-11.5625	-10.75498	-10.5467	-13.58567	-13.58567	-23.45868
-12.77227	-11.82768	-10.89941	-10.4579	-13.36192	-13.36192	-23.32036
-13.23316	-12.1032	-11.06729	-10.47227	-13.17251	-13.17251	-23.18442
-13.71295	-12.38975	-11.26112	-10.5999	-13.02826	-13.02826	-23.05111
-14.21006	-12.68815	-11.4834	-10.84792	-12.93637	-12.93637	-22.92061
-14.72213	-12.99933	-11.73666	-11.22132	-12.90122	-12.90122	-22.79311
-15.24583	-13.32437	-12.02344	-11.723	-12.92501	-12.92501	-22.66878
-15.77666	-13.66447	-12.3464	-12.3527	-13.0083	-13.0083	-22.54775
-16.30869	-14.02096	-12.70826	-13.10436	-13.15037	-13.15037	-22.43017
-16.83442	-14.39528	-13.11193	-13.96085	-13.34947	-13.34947	-22.31614
-17.34477	-14.78901	-13.56047	-14.88517	-13.60295	-13.60295	-22.20578
-17.82932	-15.2038	-14.05716	-15.80885	-13.90733	-13.90733	-22.09917
-18.27685	-15.64144	-14.60548	-16.62537	-14.25825	-14.25825	-21.9964
-18.67633	-16.10374	-15.20912	-17.20824	-14.65043	-14.65043	-21.89754
-19.0183	-16.59259	-15.8719	-17.46865	-15.07756	-15.07756	-21.80266
-19.29625	-17.10983	-16.59752	-17.41622	-15.53227	-15.53227	-21.71182
-19.50783	-17.65722	-17.38927	-17.15358	-16.0061	-16.0061	-21.62506
-19.65538	-18.23629	-18.24917	-16.81199	-16.48963	-16.48963	-21.54245
-19.74565	-18.84819	-19.17653	-16.49865	-16.97283	-16.97283	-21.46401
-19.78874	-19.49333	-20.16543	-16.28356	-17.44566	-17.44566	-21.38979
-19.79676	-20.17103	-21.20022	-16.20817	-17.89899	-17.89899	-21.31982
-19.78244	-20.8788	-22.24874	-16.29732	-18.3257	-18.3257	-21.25413
-19.758	-21.61153	-23.25409	-16.56844	-18.72185	-18.72185	-21.19275
-19.73457	-22.36022	-24.13049	-17.03752	-19.08757	-19.08757	-21.1357
-19.7218	-23.11056	-24.77592	-17.72338	-19.42748	-19.42748	-21.08301
-19.72793	-23.84158	-25.11153	-18.6511	-19.7505	-19.7505	-21.03469
-19.75988	-24.52511	-25.12778	-19.85567	-20.06914	-20.06914	-20.99076
-19.82355	-25.1274	-24.89168	-21.38557	-20.39855	-20.39855	-20.95124
-19.92404	-25.6141	-24.50685	-23.30247	-20.75548	-20.75548	-20.91614
-20.06597	-25.95866	-24.06868	-25.65441	-21.15766	-21.15766	-20.88547
-20.25371	-26.15097	-23.64496	-28.31018	-21.62336	-21.62336	-20.85925
-20.49162	-26.2016	-23.27705	-30.36035	-22.17143	-22.17143	-20.83748
-20.78429	-26.13856	-22.988	-30.2155	-22.82164	-22.82164	-20.82017
-21.13682	-25.99906	-22.79001	-28.51522	-23.59522	-23.59522	-20.80732
-21.55503	-25.82085	-22.68954	-26.78657	-24.51539	-24.51539	-20.79893
-22.04585	-25.6368	-22.69047	-25.49354	-25.60746	-25.60746	-20.795
-22.61766	-25.47296	-22.79593	-24.65846	-26.89667	-26.89667	-20.79553
-23.28086	-25.34898	-23.00941	-24.23489	-28.39913	-28.39913	-20.80051
-24.04849	-25.2795	-23.33538	-24.18634	-30.0914	-30.0914	-20.80993
-24.93714	-25.2758	-23.77979	-24.49839	-31.82561	-31.82561	-20.82377
-25.96802	-25.34713	-24.35018	-25.18108	-33.18113	-33.18113	-20.842
-27.16795	-25.50192	-25.05555	-26.27402	-33.55283	-33.55283	-20.86461
-28.56911	-25.74869	-25.90534	-27.86019	-32.85646	-32.85646	-20.89156
-30.20259	-26.09674	-26.90614	-30.09772	-31.66399	-31.66399	-20.9228
-32.06818	-26.5568	-28.05323	-33.2849	-30.46942	-30.46942	-20.95828
-34.02274	-27.14128	-29.30958	-37.82343	-29.47274	-29.47274	-20.99795
-35.50972	-27.86401	-30.56237	-41.10129	-28.72176	-28.72176	-21.04172
-35.60605	-28.73813	-31.566	-37.43353	-28.21345	-28.21345	-21.08951
-34.29268	-29.76919	-31.97861	-33.79845	-27.93239	-27.93239	-21.14123
-32.49022	-30.93549	-31.63192	-31.46852	-27.86261	-27.86261	-21.19674
-30.77239	-32.13919	-30.72927	-30.02599	-27.99032	-27.99032	-21.25592
-29.29122	-33.11935	-29.61406	-29.21049	-28.30369	-28.30369	-21.3186
-28.05058	-33.43894	-28.52014	-28.87882	-28.79145	-28.79145	-21.3846
-27.02151	-32.82115	-27.55345	-28.93858	-29.44094	-29.44094	-21.45371
-26.17368	-31.50367	-26.75016	-29.30156	-30.23598	-30.23598	-21.52569
-25.48215	-29.92867	-26.11802	-29.83355	-31.1552	-31.1552	-21.60026
-24.92766	-28.37487	-25.65579	-30.29991	-32.17259	-32.17259	-21.67712
-24.49559	-26.95027	-25.36163	-30.38299	-33.26312	-33.26312	-21.7559
-24.17474	-25.68041	-25.23673	-29.88967	-34.41569	-34.41569	-21.83623
-23.95615	-24.5608	-25.28744	-28.95028	-35.65128	-35.65128	-21.91765
-23.832	-23.5784	-25.52725	-27.8696	-37.03454	-37.03454	-21.99968
-23.79423	-22.71933	-25.97986	-26.88961	-38.64968	-38.64968	-22.08177
-23.8328	-21.97123	-26.68449	-26.14035	-40.43444	-40.43444	-22.16333
-23.93316	-21.32379	-27.70618	-25.68587	-41.56524	-41.56524	-22.24369
-24.07282	-20.76871	-29.15734	-25.5681	-40.4031	-40.4031	-22.32216
-24.21693	-20.29935	-31.24829	-25.83515	-37.52344	-37.52344	-22.39796
-24.31458	-19.91046	-34.41826	-26.56575	-34.55031	-34.55031	-22.47027
-24.29952	-19.59785	-39.54028	-27.90872	-31.98673	-31.98673	-22.53824
-24.10132	-19.35804	-41.91702	-30.1844	-29.85449	-29.85449	-22.60095
-23.66844	-19.188	-35.44895	-34.27012	-28.09656	-28.09656	-22.65747
-22.99156	-19.08462	-30.79319	-44.77984	-26.66024	-26.66024	-22.70685
-22.10764	-19.04421	-27.54821	-40.31146	-25.50769	-25.50769	-22.74814
-21.08079	-19.06162	-25.08624	-31.74527	-24.61461	-24.61461	-22.78041
-19.97702	-19.12909	-23.11603	-27.42967	-23.96779	-23.96779	-22.80275
-18.84891	-19.23453	-21.4868	-24.60266	-23.56393	-23.56393	-22.81432
-17.73212	-19.35929	-20.11161	-22.59177	-23.40966	-23.40966	-22.81437
-16.6481	-19.47576	-18.93623	-21.13067	-23.52315	-23.52315	-22.80225
-15.60842	-19.5458	-17.92479	-20.09103	-23.93785	-23.93785	-22.77742
-14.61833	-19.52213	-17.05253	-19.40635	-24.70952	-24.70952	-22.73949
-13.67936	-19.35551	-16.30186	-19.04407	-25.92826	-25.92826	-22.68822
-12.79091	-19.00794	-15.66002	-18.99394	-27.73169	-27.73169	-22.62353
-11.95128	-18.46656	-15.11762	-19.26304	-30.2533	-30.2533	-22.54552
-11.15824	-17.7487	-14.66774	-19.87254	-32.91681	-32.91681	-22.45442
-10.40935	-16.89433	-14.30525	-20.84916	-32.45082	-32.45082	-22.35065
-9.7022	-15.95147	-14.02634	-22.18703	-28.97789	-28.97789	-22.23472
-9.03445	-14.96405	-13.82806	-23.69638	-25.7028	-25.7028	-22.10732
-8.40392	-13.96608	-13.7079	-24.63263	-23.1441	-23.1441	-21.96918
-7.80863	-12.98107	-13.66318	-23.9322	-21.16417	-21.16417	-21.82116
-7.24672	-12.02389	-13.69026	-21.9265	-19.62718	-19.62718	-21.66414
-6.71654	-11.10316	-13.78329	-19.71229	-18.44491	-18.44491	-21.49905
-6.2166	-10.22335	-13.9323	-17.77263	-17.56334	-17.56334	-21.32683
-5.74552	-9.38624	-14.12038	-16.19127	-16.95098	-16.95098	-21.14844
-5.3021	-8.59201	-14.32001	-14.94692	-16.59214	-16.59214	-20.96478
-4.88524	-7.83991	-14.48924	-14.00459	-16.48328	-16.48328	-20.77675
-4.49395	-7.12864	-14.57061	-13.33577	-16.63125	-16.63125	-20.58519
-4.12735	-6.45667	-14.49772	-12.92088	-17.0517	-17.0517	-20.39092
-3.78466	-5.82239	-14.21306	-12.74741	-17.76464	-17.76464	-20.19467
-3.46517	-5.22417	-13.69143	-12.80626	-18.77682	-18.77682	-19.99715
-3.16825	-4.66047	-12.95214	-13.08493	-20.01791	-20.01791	-19.79899
-2.89336	-4.12982	-12.04879	-13.55329	-21.158	-21.158	-19.60078
-2.64	-3.63089	-11.04609	-14.1343	-21.41876	-21.41876	-19.40303
-2.40776	-3.16241	-10.00098	-14.65696	-20.26086	-20.26086	-19.20623
-2.19625	-2.72327	-8.95499	-14.83587	-18.2715	-18.2715	-19.0108
-2.00518	-2.31245	-7.93481	-14.40635	-16.20721	-16.20721	-18.81712
-1.83427	-1.92901	-6.95594	-13.37792	-14.37409	-14.37409	-18.62553
-1.68331	-1.57215	-6.02638	-12.02123	-12.83228	-12.83228	-18.43631
-1.55214	-1.24112	-5.1495	-10.61147	-11.57018	-11.57018	-18.24973
-1.44063	-0.93528	-4.32595	-9.30684	-10.56365	-10.56365	-18.06602
-1.34872	-0.65405	-3.55488	-8.17366	-9.79183	-9.79183	-17.88538
-1.27635	-0.39694	-2.83463	-7.23209	-9.2402	-9.2402	-17.70797
-1.22355	-0.16351	-2.16322	-6.48305	-8.90025	-8.90025	-17.53394
-1.19036	0.04658	-1.53856	-5.92008	-8.76779	-8.76779	-17.36341
-1.17688	0.23365	-0.95857	-5.5332	-8.83965	-8.83965	-17.1965
-1.18324	0.39794	-0.42134	-5.30829	-9.10637	-9.10637	-17.03329
-1.20963	0.53962	0.07492	-5.22295	-9.53529	-9.53529	-16.87386
-1.25626	0.65883	0.53184	-5.23856	-10.03431	-10.03431	-16.71827
-1.3234	0.75564	0.95086	-5.28859	-10.39537	-10.39537	-16.56657
-1.41136	0.83007	1.33328	-5.26877	-10.28772	-10.28772	-16.41879
-1.52048	0.8821	1.68021	-5.04615	-9.46072	-9.46072	-16.27498
-1.65117	0.91163	1.99264	-4.5081	-8.01299	-8.01299	-16.13515
-1.80385	0.91855	2.27142	-3.63058	-6.27184	-6.27184	-15.99933
-1.97898	0.90266	2.51725	-2.49357	-4.50384	-4.50384	-15.86753
-2.17705	0.86374	2.73073	-1.22369	-2.84027	-2.84027	-15.73974
-2.39858	0.80149	2.91233	0.06835	-1.32689	-1.32689	-15.61599
-2.64407	0.7156	3.06244	1.31035	0.02882	0.02882	-15.49626
-2.91401	0.60568	3.18131	2.4633	1.23364	1.23364	-15.38056
-3.20881	0.47132	3.26912	3.50939	2.29843	2.29843	-15.26888
-3.52879	0.31206	3.32594	4.44253	3.23423	3.23423	-15.16121
-3.87407	0.12744	3.35177	5.26244	4.05087	4.05087	-15.05754
-4.24448	-0.08306	3.3465	5.97144	4.75667	4.75667	-14.95787
-4.63939	-0.3199	3.30995	6.57273	5.35843	5.35843	-14.86217
-5.05752	-0.58354	3.24187	7.06952	5.86156	5.86156	-14.77046
-5.49664	-0.87432	3.14193	7.46461	6.27027	6.27027	-14.6827
-5.9532	-1.19246	3.00973	7.76014	6.58766	6.58766	-14.59888
-6.42181	-1.53791	2.84484	7.95754	6.81589	6.81589	-14.51901
-6.89468	-1.91025	2.64679	8.05744	6.9562	6.9562	-14.44306
-7.36104	-2.3085	2.41512	8.05966	7.00897	7.00897	-14.37102
-7.80661	-2.73084	2.14941	7.96313	6.97376	6.97376	-14.30288
-8.21362	-3.17428	1.84936	7.76588	6.84925	6.84925	-14.23863
-8.56161	-3.6342	1.51486	7.46499	6.63325	6.63325	-14.17827
-8.82941	-4.10379	1.14615	7.05651	6.32257	6.32257	-14.12177
-8.99843	-4.57344	0.74401	6.53549	5.91295	5.91295	-14.06914
-9.05647	-5.03016	0.31003	5.89599	5.39895	5.39895	-14.02036
-9.00069	-5.45737	-0.15298	5.13151	4.77384	4.77384	-13.97543
-8.8383	-5.83528	-0.64048	4.23586	4.02953	4.02953	-13.93434
-8.58477	-6.14248	-1.14555	3.20538	3.15679	3.15679	-13.89709
-8.26025	-6.35878	-1.65807	2.04409	2.14609	2.14609	-13.86366
-7.88586	-6.46904	-2.164	0.77449	0.98991	0.98991	-13.83406
-7.481	-6.46668	-2.64487	-0.54168	-0.31118	-0.31118	-13.80829
-7.06185	-6.35537	-3.07816	-1.774	-1.7341	-1.7341	-13.78634
-6.64101	-6.14811	-3.43898	-2.71417	-3.20286	-3.20286	-13.76822
-6.22779	-5.86406	-3.7037	-3.15853	-4.54153	-4.54153	-13.75391
-5.82875	-5.52465	-3.85469	-3.07194	-5.46356	-5.46356	-13.74343
-5.44831	-5.1504	-3.88495	-2.62357	-5.72672	-5.72672	-13.73678
-5.08926	-4.75895	-3.80002	-2.03697	-5.37685	-5.37685	-13.73395
-4.75327	-4.36435	-3.6165	-1.47024	-4.6974	-4.6974	-13.73496
-4.44117	-3.97718	-3.35767	-1.00428	-3.95462	-3.95462	-13.7398
-4.15321	-3.60501	-3.04862	-0.67092	-3.29633	-3.29633	-13.74849
-3.88927	-3.25304	-2.71243	-0.47665	-2.78293	-2.78293	-13.76102
-3.64896	-2.92468	-2.36827	-0.41534	-2.43153	-2.43153	-13.77741
-3.43171	-2.62203	-2.03084	-0.47363	-2.24093	-2.24093	-13.79766
-3.23684	-2.34625	-1.71079	-0.63232	-2.2026	-2.2026	-13.82178
-3.06361	-2.09785	-1.41548	-0.86601	-2.30439	-2.30439	-13.84977
-2.91122	-1.8769	-1.14975	-1.14221	-2.53079	-2.53079	-13.88165
-2.77888	-1.68316	-0.91655	-1.42166	-2.86119	-2.86119	-13.91743
-2.66576	-1.51617	-0.71756	-1.6617	-3.26684	-3.26684	-13.9571
-2.57101	-1.37537	-0.55352	-1.82373	-3.70748	-3.70748	-14.00068
-2.4938	-1.26009	-0.42451	-1.88325	-4.12982	-4.12982	-14.04818
-2.43329	-1.16958	-0.33018	-1.83754	-4.47166	-4.47166	-14.09961
-2.38861	-1.10308	-0.26984	-1.70579	-4.67549	-4.67549	-14.15496
-2.35891	-1.05976	-0.24252	-1.52157	-4.70863	-4.70863	-14.21425
-2.34331	-1.03877	-0.24705	-1.32251	-4.5775	-4.5775	-14.27747
-2.3409	-1.03921	-0.28205	-1.14231	-4.3239	-4.3239	-14.34463
-2.35077	-1.06013	-0.34592	-1.00692	-4.00651	-4.00651	-14.41572
-2.37199	-1.10052	-0.4368	-0.9338	-3.68202	-3.68202	-14.49075
-2.40359	-1.1593	-0.55256	-0.93278	-3.39503	-3.39503	-14.5697
-2.4446	-1.23529	-0.69075	-1.00708	-3.17626	-3.17626	-14.65256
-2.49401	-1.32721	-0.84855	-1.15403	-3.04488	-3.04488	-14.73932
-2.5508	-1.43364	-1.02271	-1.36527	-3.01151	-3.01151	-14.82995
-2.61395	-1.55304	-1.20958	-1.62664	-3.08055	-3.08055	-14.92442
-2.68242	-1.68372	-1.40504	-1.91811	-3.25139	-3.25139	-15.02271
-2.75521	-1.82383	-1.6046	-2.21447	-3.51851	-3.51851	-15.12475
-2.83131	-1.97136	-1.80346	-2.48757	-3.87041	-3.87041	-15.23051
-2.90977	-2.12415	-1.99667	-2.71075	-4.28764	-4.28764	-15.33991
-2.9897	-2.27993	-2.17938	-2.86473	-4.74029	-4.74029	-15.45287
-3.07026	-2.4363	-2.34709	-2.9429	-5.18641	-5.18641	-15.56931
-3.15072	-2.59087	-2.49603	-2.95318	-5.57402	-5.57402	-15.68911
-3.23047	-2.74124	-2.62339	-2.91555	-5.8501	-5.8501	-15.81215
-3.30902	-2.88514	-2.72766	-2.85636	-5.97651	-5.97651	-15.93828
-3.38602	-3.02049	-2.80872	-2.80256	-5.94536	-5.94536	-16.06733
-3.46126	-3.14553	-2.86788	-2.77742	-5.7826	-5.7826	-16.1991
-3.53473	-3.25888	-2.90775	-2.7985	-5.53671	-5.53671	-16.33336
-3.60653	-3.35964	-2.932	-2.87698	-5.26166	-5.26166	-16.46987
-3.67695	-3.44744	-2.94504	-3.01769	-5.00434	-5.00434	-16.60832
-3.74642	-3.52245	-2.95173	-3.21926	-4.79972	-4.79972	-16.74839
-3.81549	-3.58542	-2.95701	-3.47403	-4.67113	-4.67113	-16.88972
-3.88486	-3.63756	-2.96572	-3.76786	-4.6325	-4.6325	-17.03188
-3.95529	-3.68053	-2.98237	-4.08033	-4.69054	-4.69054	-17.17441
-4.02767	-3.71635	-3.01103	-4.38589	-4.84601	-4.84601	-17.31681
-4.1029	-3.74728	-3.05529	-4.65695	-5.09389	-5.09389	-17.45851
-4.18196	-3.77572	-3.11821	-4.86904	-5.4224	-5.4224	-17.5989
-4.26582	-3.80414	-3.20229	-5.00696	-5.81106	-5.81106	-17.7373
-4.35546	-3.83499	-3.30956	-5.06937	-6.22844	-6.22844	-17.873
-4.45184	-3.87063	-3.44148	-5.06918	-6.63105	-6.63105	-18.00523
-4.55588	-3.91331	-3.59904	-5.02962	-6.96648	-6.96648	-18.13316
-4.66848	-3.96509	-3.78265	-4.97814	-7.18375	-7.18375	-18.25596
-4.79043	-4.02787	-3.99218	-4.94085	-7.24963	-7.24963	-18.37272
-4.92247	-4.10334	-4.22681	-4.93894	-7.16241	-7.16241	-18.48255
-5.06523	-4.19302	-4.485	-4.98709	-6.95272	-6.95272	-18.58454
-5.21925	-4.29818	-4.76434	-5.09313	-6.67055	-6.67055	-18.67781
-5.38493	-4.41994	-5.06141	-5.25798	-6.36868	-6.36868	-18.76147
-5.5625	-4.55918	-5.37163	-5.47574	-6.09163	-6.09163	-18.83473
-5.75203	-4.71659	-5.68918	-5.73364	-5.87195	-5.87195	-18.89683
-5.95337	-4.89263	-6.00688	-6.01226	-5.73095	-5.73095	-18.94713
-6.16612	-5.08752	-6.3164	-6.28681	-5.68107	-5.68107	-18.98508
-6.38957	-5.30121	-6.60848	-6.53015	-5.72781	-5.72781	-19.01028
-6.62266	-5.53334	-6.8736	-6.71788	-5.8709	-5.8709	-19.02245
-6.86391	-5.7832	-7.10282	-6.83456	-6.10428	-6.10428	-19.02147
-7.11135	-6.04961	-7.28882	-6.87825	-6.41505	-6.41505	-19.00738
-7.36247	-6.33091	-7.42701	-6.8612	-6.7816	-6.7816	-18.98036
-7.6141	-6.62483	-7.51625	-6.80612	-7.17154	-7.17154	-18.94074
-7.86247	-6.92837	-7.55912	-6.74008	-7.54126	-7.54126	-18.889
-8.1031	-7.23776	-7.5616	-6.68898	-7.8399	-7.8399	-18.82571
-8.33094	-7.54834	-7.53224	-6.67386	-8.02018	-8.02018	-18.75159
-8.54043	-7.85455	-7.48115	-6.70926	-8.05393	-8.05393	-18.66739
-8.72581	-8.15	-7.41892	-6.80274	-7.94382	-7.94382	-18.57396
-8.88138	-8.42765	-7.35583	-6.95489	-7.72217	-7.72217	-18.47218
-9.002	-8.68015	-7.30132	-7.15947	-7.43798	-7.43798	-18.36295
-9.08348	-8.90036	-7.2637	-7.40347	-7.1417	-7.1417	-18.24718
-9.12304	-9.08193	-7.25014	-7.66769	-6.87549	-6.87549	-18.12576
-9.1196	-9.22003	-7.26669	-7.92833	-6.6702	-6.6702	-17.99957
-9.07393	-9.31193	-7.31849	-8.16039	-6.54624	-6.54624	-17.86945
-8.98855	-9.3573	-7.40987	-8.34277	-6.51565	-6.51565	-17.73619
-8.86742	-9.35834	-7.54459	-8.46392	-6.58399	-6.58399	-17.60054
-8.71557	-9.31942	-7.72588	-8.52551	-6.75108	-6.75108	-17.46321
-8.53862	-9.24654	-7.9566	-8.54215	-7.01086	-7.01086	-17.32483
-8.34236	-9.14671	-8.23921	-8.5374	-7.34993	-7.34993	-17.18601
-8.13239	-9.02722	-8.57571	-8.53808	-7.74518	-7.74518	-17.04728
-7.91386	-8.89516	-8.96743	-8.56922	-8.16114	-8.16114	-16.90913
-7.69134	-8.75699	-9.41463	-8.6508	-8.5493	-8.5493	-16.772
-7.46876	-8.61833	-9.9158	-8.79603	-8.85285	-8.85285	-16.63629
-7.24935	-8.48388	-10.46647	-9.01053	-9.02003	-9.02003	-16.50235
-7.03575	-8.35737	-11.05739	-9.29161	-9.02304	-9.02304	-16.37049
-6.83003	-8.24167	-11.67195	-9.62745	-8.87084	-8.87084	-16.24099
-6.63375	-8.13881	-12.28288	-9.99648	-8.60531	-8.60531	-16.11409
-6.44805	-8.0501	-12.84951	-10.36799	-8.28424	-8.28424	-15.99
-6.27371	-7.97623	-13.31821	-10.70589	-7.96402	-7.96402	-15.86891
-6.11119	-7.91728	-13.63014	-10.97682	-7.6903	-7.6903	-15.75097
-5.9607	-7.87284	-13.73819	-11.16136	-7.49649	-7.49649	-15.63634
-5.82222	-7.84199	-13.6263	-11.26303	-7.40605	-7.40605	-15.52511
-5.69556	-7.82339	-13.31712	-11.30952	-7.4358	-7.4358	-15.41741
-5.58036	-7.81527	-12.86136	-11.34546	-7.59886	-7.59886	-15.3133
-5.47613	-7.81547	-12.31798	-11.4222	-7.9068	-7.9068	-15.21288
-5.38225	-7.82147	-11.73862	-11.59014	-8.37111	-8.37111	-15.11618
-5.29801	-7.83045	-11.16148	-11.89583	-9.00391	-9.00391	-15.02327
-5.22261	-7.83931	-10.61171	-12.38258	-9.81746	-9.81746	-14.93418
-5.15516	-7.84481	-10.10437	-13.0922	-10.82103	-10.82103	-14.84894
-5.09472	-7.84364	-9.64769	-14.06394	-12.01132	-12.01132	-14.76759
-5.04029	-7.83256	-9.24544	-15.32035	-13.34719	-13.34719	-14.69013
-4.99082	-7.8086	-8.89867	-16.8072	-14.69429	-14.69429	-14.61659
-4.94525	-7.76918	-8.60678	-18.20949	-15.75344	-15.75344	-14.54697
-4.90249	-7.71225	-8.36811	-18.73383	-16.12956	-16.12956	-14.48127
-4.86148	-7.63649	-8.18033	-17.78852	-15.69833	-15.69833	-14.4195
-4.82117	-7.54133	-8.04057	-15.97005	-14.7664	-14.7664	-14.36165
-4.78056	-7.42697	-7.94547	-14.07179	-13.71497	-13.71497	-14.30773
-4.73872	-7.2944	-7.89108	-12.40955	-12.76195	-12.76195	-14.25772
-4.69482	-7.14525	-7.8728	-11.04096	-11.99121	-11.99121	-14.21163
-4.64812	-6.98169	-7.88516	-9.9497	-11.42403	-11.42403	-14.16943
-4.59803	-6.80625	-7.92167	-9.10642	-11.05861	-11.05861	-14.13113
-4.54407	-6.62169	-7.97466	-8.4842	-10.88609	-10.88609	-14.0967
-4.48593	-6.43083	-8.03521	-8.0611	-10.89585	-10.89585	-14.06615
-4.42347	-6.23643	-8.09322	-7.81925	-11.07601	-11.07601	-14.03946
-4.35668	-6.04106	-8.13772	-7.743	-11.41106	-11.41106	-14.01662
-4.28571	-5.8471	-8.15748	-7.81646	-11.87682	-11.87682	-13.99761
-4.21085	-5.65663	-8.14198	-8.02033	-12.43217	-12.43217	-13.98243
-4.13254	-5.47146	-8.08252	-8.3278	-13.00846	-13.00846	-13.97107
-4.05129	-5.29309	-7.97333	-8.69952	-13.50335	-13.50335	-13.96351
-3.96772	-5.12273	-7.81243	-9.07959	-13.7958	-13.7958	-13.95974
-3.88254	-4.96132	-7.60181	-9.39694	-13.79576	-13.79576	-13.95975
-3.79646	-4.80957	-7.34705	-9.57878	-13.50001	-13.50001	-13.96355
-3.71027	-4.66793	-7.0564	-9.57648	-12.99401	-12.99401	-13.9711
-3.62474	-4.53668	-6.73955	-9.38893	-12.39718	-12.39718	-13.98241
-3.54064	-4.41588	-6.40658	-9.06265	-11.81166	-11.81166	-13.99746
-3.45871	-4.30547	-6.06707	-8.66816	-11.30534	-11.30534	-14.01625
-3.37968	-4.20522	-5.72952	-8.27346	-10.91711	-10.91711	-14.03878
-3.30421	-4.11479	-5.40113	-7.92952	-10.66679	-10.66679	-14.06503
-3.23295	-4.03375	-5.08776	-7.66757	-10.56264	-10.56264	-14.095
-3.16645	-3.96155	-4.794	-7.50111	-10.60498	-10.60498	-14.12867
-3.10525	-3.89761	-4.52334	-7.42811	-10.78613	-10.78613	-14.16606
-3.04979	-3.84126	-4.27834	-7.43122	-11.08658	-11.08658	-14.20715
-3.00048	-3.79182	-4.06083	-7.47636	-11.46666	-11.46666	-14.25193
-2.95767	-3.7486	-3.872	-7.51183	-11.85458	-11.85458	-14.3004
-2.92165	-3.71088	-3.71258	-7.47281	-12.13824	-12.13824	-14.35257
-2.89266	-3.67798	-3.5829	-7.29602	-12.18162	-12.18162	-14.40841
-2.87088	-3.64926	-3.48298	-6.94316	-11.88375	-11.88375	-14.46794
-2.85644	-3.62413	-3.41254	-6.41882	-11.24526	-11.24526	-14.53114
-2.84946	-3.60207	-3.37109	-5.7677	-10.36618	-10.36618	-14.59802
-2.84997	-3.58265	-3.35787	-5.0538	-9.37793	-9.37793	-14.66856
-2.858	-3.56556	-3.37191	-4.33877	-8.38621	-8.38621	-14.74276
-2.87353	-3.55057	-3.41199	-3.67075	-7.45649	-7.45649	-14.82063
-2.89649	-3.53761	-3.47659	-3.08295	-6.62291	-6.62291	-14.90214
-2.92683	-3.52671	-3.56393	-2.59681	-5.90059	-5.90059	-14.98731
-2.96443	-3.51805	-3.67187	-2.226	-5.29457	-5.29457	-15.07611
-3.00917	-3.51192	-3.7979	-1.97977	-4.80502	-4.80502	-15.16854
-3.06092	-3.50873	-3.93911	-1.86534	-4.43018	-4.43018	-15.2646
-3.11953	-3.50901	-4.09218	-1.88967	-4.16779	-4.16779	-15.36426
-3.18484	-3.51338	-4.25341	-2.06069	-4.01589	-4.01589	-15.46752
-3.25669	-3.52255	-4.41872	-2.38837	-3.97311	-3.97311	-15.57436
-3.33494	-3.53731	-4.5838	-2.88566	-4.03888	-4.03888	-15.68476
-3.41943	-3.5585	-4.74421	-3.56938	-4.21334	-4.21334	-15.79871
-3.51004	-3.58701	-4.89562	-4.46059	-4.49719	-4.49719	-15.91617
-3.60666	-3.62376	-5.03407	-5.58309	-4.89128	-4.89128	-16.03712
-3.70921	-3.66971	-5.15624	-6.95468	-5.39576	-5.39576	-16.16153
-3.81763	-3.72579	-5.25971	-8.5548	-6.00838	-6.00838	-16.28936
-3.93192	-3.79298	-5.34321	-10.22395	-6.7214	-6.7214	-16.42057
-4.05211	-3.87222	-5.40673	-11.46708	-7.5158	-7.5158	-16.55512
-4.17828	-3.96449	-5.45154	-11.55793	-8.35203	-8.35203	-16.69293
-4.31059	-4.07071	-5.4801	-10.46698	-9.15781	-9.15781	-16.83397
-4.44925	-4.19183	-5.49586	-8.91032	-9.82162	-9.82162	-16.97815
-4.59454	-4.32876	-5.50298	-7.40592	-10.21277	-10.21277	-17.12539
-4.74681	-4.48242	-5.50609	-6.12646	-10.24228	-10.24228	-17.27562
-4.9065	-4.65373	-5.50999	-5.09679	-9.92366	-9.92366	-17.42872
-5.07414	-4.84358	-5.51946	-4.3002	-9.36264	-9.36264	-17.58459
-5.25035	-5.0529	-5.53909	-3.71316	-8.68917	-8.68917	-17.74311
-5.43584	-5.28259	-5.57316	-3.31479	-8.00538	-8.00538	-17.90413
-5.63143	-5.53357	-5.62565	-3.08864	-7.37434	-7.37434	-18.0675
-5.83805	-5.8068	-5.70013	-3.02244	-6.82934	-6.82934	-18.23306
-6.05673	-6.10324	-5.79989	-3.10741	-6.38577	-6.38577	-18.40061
-6.28866	-6.42387	-5.92788	-3.33751	-6.0495	-6.0495	-18.56995
-6.53512	-6.76973	-6.08685	-3.70867	-5.82188	-5.82188	-18.74086
-6.79759	-7.14187	-6.27932	-4.21806	-5.70243	-5.70243	-18.91309
-7.07766	-7.54143	-6.50771	-4.8629	-5.69032	-5.69032	-19.08636
-7.37713	-7.96956	-6.77435	-5.63883	-5.78509	-5.78509	-19.26039
-7.69802	-8.42749	-7.08156	-6.53696	-5.987	-5.987	-19.43487
-8.04256	-8.91652	-7.4317	-7.53901	-6.29724	-6.29724	-19.60944
-8.41326	-9.43802	-7.82721	-8.60973	-6.71793	-6.71793	-19.78375
-8.81292	-9.99343	-8.27066	-9.68736	-7.252	-7.252	-19.95741
-9.24474	-10.58428	-8.76485	-10.67836	-7.90275	-7.90275	-20.13
-9.71228	-11.21222	-9.31279	-11.47122	-8.67296	-8.67296	-20.3011
-10.2196	-11.87898	-9.91782	-11.98128	-9.56291	-9.56291	-20.47024
-10.77125	-12.58639	-10.5836	-12.20268	-10.56622	-10.56622	-20.63697
-11.37231	-13.33642	-11.31421	-12.21339	-11.66198	-11.66198	-20.80078
-12.02833	-14.13119	-12.11422	-12.12736	-12.8008	-12.8008	-20.96118
-12.74513	-14.97297	-12.98866	-12.04567	-13.88626	-13.88626	-21.11768
-13.52819	-15.86419	-13.9431	-12.03815	-14.76756	-14.76756	-21.26976
-14.38138	-16.80751	-14.98367	-12.14681	-15.28186	-15.28186	-21.41694
-15.30411	-17.80574	-16.11695	-12.39514	-15.35674	-15.35674	-21.55873
-16.28556	-18.86176	-17.34986	-12.79571	-15.07233	-15.07233	-21.69467
-17.29367	-19.97811	-18.68949	-13.3545	-14.59663	-14.59663	-21.82432
-18.25724	-21.15595	-20.14281	-14.07203	-14.08401	-14.08401	-21.94729
-19.04761	-22.3924	-21.71651	-14.94099	-13.63477	-13.63477	-22.06323
-19.48954	-23.67441	-23.41766	-15.93885	-13.30348	-13.30348	-22.17183
-19.44255	-24.96548	-25.25652	-17.01316	-13.1178	-13.1178	-22.27285
-18.90913	-26.18084	-27.25477	-18.05969	-13.09274	-13.09274	-22.36611
-18.03266	-27.15666	-29.46492	-18.91008	-13.23896	-13.23896	-22.45149
-16.98805	-27.65891	-32.00813	-19.376	-13.56747	-13.56747	-22.52896
-15.90252	-27.50808	-35.12201	-19.36976	-14.09227	-14.09227	-22.59853
-14.8461	-26.74186	-38.91734	-18.98027	-14.83143	-14.83143	-22.6603
-13.85032	-25.57843	-40.29448	-18.39358	-15.80538	-15.80538	-22.71443
-12.92584	-24.24008	-36.16404	-17.77321	-17.02659	-17.02659	-22.76115
-12.07333	-22.86636	-31.87488	-17.21774	-18.46126	-18.46126	-22.80076
-11.28911	-21.52524	-28.46027	-16.77315	-19.91399	-19.91399	-22.83358
-10.56794	-20.2444	-25.67258	-16.4532	-20.82901	-20.82901	-22.86
-9.90431	-19.03248	-23.3168	-16.25163	-20.50447	-20.50447	-22.88044
-9.29293	-17.88995	-21.27679	-16.14611	-19.05453	-19.05453	-22.89536
-8.72904	-16.81407	-19.48076	-16.09648	-17.21699	-17.21699	-22.90524
-8.20836	-15.80106	-17.88136	-16.0415	-15.45279	-15.45279	-22.91055
-7.72716	-14.84697	-16.44552	-15.90079	-13.90114	-13.90114	-22.91181
-7.28213	-13.94803	-15.14898	-15.59136	-12.57454	-12.57454	-22.9095
-6.8704	-13.10077	-13.97327	-15.05998	-11.45164	-11.45164	-22.90413
-6.48943	-12.30203	-12.90395	-14.31136	-10.50645	-10.50645	-22.89617
-6.13697	-11.54891	-11.92944	-13.40523	-9.71589	-9.71589	-22.88609
-5.81102	-10.8388	-11.04028	-12.42538	-9.06105	-9.06105	-22.87434
-5.50983	-10.16929	-10.22865	-11.4491	-8.52664	-8.52664	-22.86134
-5.23179	-9.53818	-9.48795	-10.53383	-8.1001	-8.1001	-22.84751
-4.97547	-8.94346	-8.8126	-9.7176	-7.77072	-7.77072	-22.83322
-4.73957	-8.38325	-8.19779	-9.02458	-7.52868	-7.52868	-22.81882
-4.52288	-7.85583	-7.63933	-8.47072	-7.36425	-7.36425	-22.80465
-4.32431	-7.35959	-7.13354	-8.06805	-7.26678	-7.26678	-22.79098
-4.14285	-6.89303	-6.67716	-7.82761	-7.22367	-7.22367	-22.77811
-3.97753	-6.45475	-6.26723	-7.76142	-7.21941	-7.21941	-22.76627
-3.82747	-6.04344	-5.90101	-7.8838	-7.23465	-7.23465	-22.75569
-3.69182	-5.65786	-5.57598	-8.21167	-7.24603	-7.24603	-22.74655
-3.56978	-5.29683	-5.2897	-8.7626	-7.22715	-7.22715	-22.73903
-3.46057	-4.95926	-5.03979	-9.546	-7.15137	-7.15137	-22.73328
-3.36346	-4.64407	-4.82387	-10.53397	-6.99645	-6.99645	-22.72941
-3.27774	-4.35025	-4.63951	-11.58016	-6.7497	-6.7497	-22.72753
-3.20271	-4.07685	-4.48415	-12.27629	-6.41144	-6.41144	-22.72773
-3.1377	-3.8229	-4.35507	-12.02221	-5.99486	-5.99486	-22.73005
-3.08206	-3.58752	-4.24933	-10.69919	-5.52235	-5.52235	-22.73455
-3.03516	-3.36983	-4.16372	-8.85001	-5.02027	-5.02027	-22.74124
-2.99638	-3.16897	-4.09473	-6.97005	-4.5144	-4.5144	-22.75014
-2.96512	-2.98412	-4.03855	-5.26511	-4.02711	-4.02711	-22.76124
-2.94081	-2.81446	-3.99107	-3.78448	-3.57645	-3.57645	-22.77449
-2.92289	-2.65921	-3.94793	-2.52389	-3.17633	-3.17633	-22.78987
-2.91084	-2.51761	-3.90463	-1.4658	-2.83725	-2.83725	-22.80731
-2.90416	-2.38892	-3.85664	-0.5923	-2.56723	-2.56723	-22.82673
-2.90239	-2.27241	-3.79966	0.11136	-2.37263	-2.37263	-22.84805
-2.90509	-2.1674	-3.72979	0.65611	-2.25882	-2.25882	-22.87116
-2.91188	-2.07322	-3.64379	1.04917	-2.23081	-2.23081	-22.89595
-2.92243	-1.98925	-3.53931	1.29435	-2.29369	-2.29369	-22.92227
-2.93642	-1.91489	-3.41508	1.39205	-2.45306	-2.45306	-22.95
-2.95364	-1.84962	-3.27097	1.33919	-2.7154	-2.7154	-22.97895
-2.97388	-1.79292	-3.10797	1.1287	-3.08849	-3.08849	-23.00898
-2.99702	-1.74437	-2.92814	0.7486	-3.58178	-3.58178	-23.03989
-3.023	-1.70359	-2.73437	0.18036	-4.20677	-4.20677	-23.07148
-3.0518	-1.67026	-2.53014	-0.60388	-4.97716	-4.97716	-23.10355
-3.08348	-1.64415	-2.31933	-1.6461	-5.90837	-5.90837	-23.13589
-3.11816	-1.62508	-2.10592	-3.01079	-7.01496	-7.01496	-23.16826
-3.156	-1.61298	-1.89388	-4.79923	-8.30196	-8.30196	-23.20044
-3.19724	-1.60785	-1.68693	-7.16768	-9.74007	-9.74007	-23.23219
-3.24214	-1.60975	-1.48853	-10.28147	-11.20381	-11.20381	-23.26326
-3.29105	-1.61886	-1.3018	-13.50456	-12.37122	-12.37122	-23.29339
-3.34433	-1.63542	-1.12948	-13.1137	-12.76177	-12.76177	-23.32235
-3.40241	-1.65976	-0.97399	-9.74154	-12.19211	-12.19211	-23.34986
-3.46572	-1.69228	-0.83741	-6.73609	-11.0285	-11.0285	-23.3757
-3.53476	-1.73348	-0.72153	-4.45989	-9.72104	-9.72104	-23.3996
-3.61004	-1.78391	-0.62791	-2.73381	-8.50589	-8.50589	-23.42133
-3.69209	-1.8442	-0.55789	-1.40999	-7.46129	-7.46129	-23.44065
-3.78147	-1.91504	-0.51266	-0.39316	-6.59883	-6.59883	-23.45735
-3.87876	-1.99719	-0.49328	0.37807	-5.90819	-5.90819	-23.47121
-3.98454	-2.09148	-0.50068	0.94452	-5.37385	-5.37385	-23.48205
-4.09942	-2.19879	-0.53578	1.33424	-4.98067	-4.98067	-23.48969
-4.22401	-2.32004	-0.59941	1.56704	-4.71527	-4.71527	-23.49397
-4.35895	-2.45625	-0.69243	1.65733	-4.56616	-4.56616	-23.49477
-4.50488	-2.60848	-0.81569	1.61587	-4.52334	-4.52334	-23.49196
-4.66245	-2.77784	-0.97008	1.45106	-4.57785	-4.57785	-23.48548
-4.83234	-2.96554	-1.15654	1.16998	-4.72118	-4.72118	-23.47526
-5.01523	-3.17285	-1.37608	0.77928	-4.94489	-4.94489	-23.46126
-5.21183	-3.40114	-1.62983	0.28619	-5.24008	-5.24008	-23.44349
-5.42289	-3.65188	-1.91901	-0.30028	-5.59704	-5.59704	-23.42197
-5.64916	-3.92666	-2.24502	-0.96794	-6.00497	-6.00497	-23.39674
-5.89145	-4.22721	-2.6094	-1.69979	-6.452	-6.452	-23.36788
